emp_fname,emp_mname,emp_lname,email,mobile,office_mail,joining_date,createdAt,createdBy,modifiedAt,modifiedBy
Rajesh,Kumar,Sharma,rajesh.sharma@example.com,9876543210,abc@hp.com,2020-04-15,2020-04-15 09:30:00,admin,2023-06-10 14:22:00,hr_manager
Anita,Mahesh,Verma,anita.verma@example.com,9876543211,ssss@rr.com,2021-01-20,2021-01-20 10:00:00,admin,2023-06-12 16:05:00,hr_manager
Rohit,Raj,Patel,rohit.patel@example.com,9876543212,aa@aa.com,2019-11-05,2019-11-05 11:15:00,admin,2023-05-18 09:45:00,supervisor
Neha,Ram,Singh,neha.singh@example.com,9876543213,qqq@dd.in,2022-07-01,2022-07-01 08:55:00,admin,2023-06-20 17:20:00,hr_manager
Amit,Prakash,Nair,amit.nair@example.com,9876543214,ffff@vv.in,2020-09-10,2020-09-10 09:10:00,admin,2023-06-22 13:30:00,supervisor
